rule,frequency,support,confidence
R:({SBS_VH})->TOURIST_ARR_VH,9,0.125,0.6428571428571428
R:({SBS_M})->TOURIST_ARR_M,15,0.20833333333333334,0.5357142857142857
R:({SBS_H})->TOURIST_ARR_M,7,0.09722222222222222,0.4666666666666667
R:({TOURIST_ARR_M})->SBS_M,15,0.20833333333333334,0.5357142857142857
R:({TOURIST_ARR_M})->SBS_H,7,0.09722222222222222,0.25
R:({TOURIST_ARR_VH})->SBS_VH,9,0.125,0.6
R:({TOURIST_ARR_H})->SBS_M,6,0.08333333333333333,0.42857142857142855
