rule,frequency,support,confidence
R:({SBS_M})->TOURIST_ARR_M,15,0.20833333333333334,0.5357142857142857
R:({TOURIST_ARR_M})->SBS_M,15,0.20833333333333334,0.5357142857142857
